model,r2_18vars,r2_39vars,delta
Poly3-RidgeCV,0.76001793191273,0.26051391009043123,-0.4995040218222988
XGBoost,0.7026306075362496,0.7103125004454954,0.007681892909245813
